S.No,numOfRaters,name,language,averageRating
1,166361,"
      The Master and Margarita
",English,4.32
2,1452,"
      Mistrz i Małgorzata
",Polish,4.47
3,1070,"
      Maestrul şi Margareta
",Romanian,4.31
4,295,"
      المعلم ومرغريتا
",Arabic,3.88
5,1309,"
      مرشد و مارگریتا
",Persian,4.08
6,2151,"
      The Master and Margarita
",English,4.21
7,1001,"
      The Master and Margarita
",English,4.06
8,583,"
      Der Meister und Margarita
",German,4.16
9,896,"
      The Master and Margarita
",English,4.15
10,885,"
      The Master and Margarita
",English,4.24
11,489,"
      El Maestro y Margarita
",Spanish,4.11
12,380,"
      Usta ile Margarita
",Turkish,4.21
13,1470,"
      Il Maestro e Margherita
",Italian,4.19
14,628,"
      The Master and Margarita
",English,4.21
15,182,"
      The Master and Margarita
",English,3.96
16,421,"
      Il Maestro e Margherita
",Italian,4.3
17,431,"
      مرشد و مارگريتا
",Persian,3.97
18,548,"
      Il Maestro e Margherita - All'amico segreto - Lettera al governo dell'Urss
",Italian,4.19
19,315,"
      O Mestre e Margarida
",Portuguese,4.26
20,480,"
      Майстора и Маргарита
",Bulgarian,4.32
21,402,"
      The Master and Margarita
",English,4.05
22,456,"
      The Master and Margarita
",English,4.32
23,162,"
      المعلم ومرغريتا
",Arabic,4.03
24,402,"
      Saatana saapuu Moskovaan
",Finnish,3.9
25,491,"
      The Master and Margarita
",English,4.27
26,361,"
      مرشد و مارگاریتا
",Persian,4.14
27,278,"
      The Master and Margarita
",English,4.12
28,1272,"
      The Master and Margarita
",English,4.21
29,458,"
      The Master and Margarita
",English,4.07
30,234,"
      The Master and Margarita
",English,4.15
31,322,"
      Le Maître et Marguerite
",French,4.14
32,192,"
      Usta ve Margarita
",Turkish,4.25
33,347,"
      Meistras ir Margarita
",Lithuanian,4.44
34,349,"
      Mästaren och Margarita
",Swedish,3.92
35,282,"
      Ο Μαιτρ και η Μαργαρίτα
","Greek, Modern (1453-)",4.25
36,280,"
      The Master and Margarita
",English,4.21
37,324,"
      Meister ja Margarita
",Estonian,4.36
38,291,"
      The Master and Margarita
",English,4.2
39,232,"
      The Master and Margarita
",English,4.22
40,240,"
      Мастер и Маргарита
",Russian,4.76
41,72,"
      المعلم ومارغريتا
",Arabic,3.94
42,277,"
      Mistr a Markétka
",Czech,4.33
43,140,"
      The Master and Margarita
",English,4.33
44,52,"
      المعلم ومرغريتا
",Arabic,3.98
45,184,"
      De meester en Margarita
",Dutch,4.26
46,136,"
      The Master and Margarita
",English,3.93
47,179,"
      Majstor i Margarita
",Serbian,4.59
48,164,"
      The Master and Margarita
",,4.14
49,230,"
      Mistrz i Małgorzata
",Polish,4.41
50,244,"
      The Master and Margarita
",English,4.28
51,197,"
      The Master and Margarita
",English,3.98
52,145,"
      Il Maestro e Margherita
",Italian,4.14
53,152,"
      El maestro y Margarita
",Spanish,4.23
54,191,"
      Meistars un Margarita
",Latvian,4.26
55,147,"
      El maestro y Margarita
",Spanish,4.12
56,98,"
      Üstat ile Margarita
",Turkish,4.08
57,97,"
      Margarita e o Mestre
",Portuguese,4.24
58,139,"
      The Master and Margarita
",English,4.3
59,65,"
      The Master and Margarita
",,4.11
60,35,"
      الشيطان يزور موسكو
",Arabic,3.86
61,99,"
      مرشد و مارگریتا
",Persian,4.17
62,109,"
      Saatana saapuu Moskovaan
",Finnish,3.83
63,104,"
      Usta ile Margarita
",Turkish,4.29
64,95,"
      Mesteren og Margarita
",Danish,4.09
65,83,"
      Maestrul şi Margareta
",Romanian,4.35
66,97,"
      Il Maestro e Margherita
",Italian,4.46
67,135,"
      Majstor i Margarita
",Russian,4.35
68,2170,"
      The Master and Margarita
",English,4.22
69,72,"
      El maestro y Margarita
",Spanish,4.35
70,2039,"
      Мастер и Маргарита
",Russian,4.55
71,123,"
      The Master and Margarita
",English,4.37
72,78,"
      The Master and Margarita
",English,3.91
73,76,"
      Мастер и Маргарита
",Russian,4.55
74,117,"
      Majstor i Margarita
",Croatian,4.44
75,114,"
      Majster a Margaréta
",,4.27
76,89,"
      Il maestro e Margherita
",Italian,4.2
77,94,"
      Il Maestro e Margherita
",Italian,4.32
78,94,"
      ოსტატი და მარგარიტა
",Georgian,4.69
79,100,"
      A Mester és Margarita
",Hungarian,4.31
80,154,"
      Мастер и Маргарита
",Russian,4.58
81,73,"
      Meister und Margarita
",German,4.26
82,128,"
      Mistrz i Małgorzata
",Polish,4.55
83,136,"
      Мастер и Маргарита
",Russian,4.5
84,97,"
      The Master and Margarita
",English,4.23
85,94,"
      Le Maître et Marguerite
",French,4.19
86,70,"
      The Master and Margarita
",English,4.27
87,79,"
      The Master and Margarita
",English,3.96
88,112,"
      Mistrz i Małgorzata
",Polish,4.27
89,64,"
      Il Maestro e Margherita
",Italian,4.0
90,54,"
      The Master and Margarita
",,3.83
91,85,"
      The Master and Margarita
",English,4.34
92,79,"
      Maestrul și Margareta
",Romanian,4.28
93,111,"
      Мастер и Маргарита
",Russian,4.5
94,76,"
      Mistrz i Małgorzata
",Polish,4.5
95,88,"
      Mistrz i Małgorzata
",Polish,4.5
96,78,"
      Saatana saapuu Moskovaan
",Finnish,3.97
97,54,"
      Il Maestro e Margherita
",Italian,4.41
98,77,"
      Der Meister und Margarita
",German,4.0
99,62,"
      El Maestro y Margarita
",English,3.94
100,83,"
      Мастер и Маргарита
",Russian,4.47
101,49,"
      O Mestre e Margarida
",Portuguese,4.29
102,49,"
      The Master and Margarita
",English,4.39
103,41,"
      The Master and Margarita
",English,4.24
104,56,"
      Margarita e o Mestre
",Portuguese,4.13
105,67,"
      The Master and Margarita
",English,4.16
106,40,"
      Maestrul și Margareta
",Romanian,4.43
107,48,"
      Il Maestro e Margherita
",Italian,4.21
108,56,"
      The Master and Margarita
",English,4.25
109,58,"
      Il Maestro e Margherita
",Italian,3.9
110,63,"
      Il maestro e Margherita
",Italian,3.95
111,76,"
      Le Maître et Marguerite
",French,4.29
112,44,"
      Il Maestro e Margherita
",Italian,4.27
113,79,"
      Мастер и Маргарита
",Russian,4.51
114,64,"
      Ο Μαιτρ και η Μαργαρίτα 
","Greek, Modern (1453-)",4.05
115,70,"
      The Master and Margarita
",English,3.74
116,36,"
      Il Maestro e Margherita
",Italian,4.0
117,57,"
      The Master and Margarita
",,3.98
118,52,"
      The Master and Margarita
",English,4.21
119,35,"
      Il Maestro e Margherita
",Italian,4.49
120,55,"
      Il Maestro e Margherita
",Italian,4.33
121,86,"
      Мастер и Маргарита
",Russian,4.64
122,76,"
      The Master and Margarita
",English,4.18
123,50,"
      Saatana saapuu Moskovaan
",Finnish,4.04
124,55,"
      The Master And Margarita
",English,3.87
125,50,"
      Il Maestro e Margherita
",Italian,4.36
126,46,"
      Мастер и Маргарита
",Russian,4.61
127,37,"
      Le Maître et Marguerite
",,4.57
128,40,"
      The Master and Margarita
",English,3.8
129,68,"
      Mistrz i Małgorzata
",Polish,4.66
130,20,"
      The Master and Margarita (Alma Classics Evergreens)
",,4.2
131,43,"
      The Master and Margarita
",English,4.12
132,54,"
      El Maestro y Margarita
",Spanish,4.26
133,36,"
      Мастер и Маргарита
",Russian,4.75
134,36,"
      Майсторът и Маргарита
",Bulgarian,4.14
135,38,"
      Mikhail Bulgakov's Master & Margarita Or the Devil Comes to Moscow
",English,4.18
136,26,"
      O Mestre e Margarita
",Portuguese,4.23
137,39,"
      Майстора и Маргарита
",Bulgarian,4.18
138,46,"
      Le Maître et Marguerite
",French,4.33
139,36,"
      Meistras ir Margarita
",Lithuanian,4.56
140,37,"
      The Master and Margarita
",English,3.95
141,53,"
      Мастер и Маргарита
",Russian,4.45
142,39,"
      Meister und Margarita
",German,4.31
143,33,"
      Maestrul si Margareta
",,4.0
144,52,"
      Meister ja Margarita
",Estonian,4.23
145,31,"
      ოსტატი და მარგარიტა
",Georgian,4.61
146,41,"
      مرشد و مارگريتا
",Persian,4.02
147,49,"
      Meister ja Margarita
",Estonian,4.37
148,34,"
      Meistarinn og Margaríta
",Icelandic,4.03
149,20,"
      Le Maître et Marguerite (Les classiques de la littérature russe)
",,4.1
150,31,"
      The Master and Margarita
",English,3.84
151,49,"
      Мастер и Маргарита
",Russian,4.57
152,44,"
      Mästaren och Margarita
",Swedish,4.05
153,30,"
      Maestrul și Margareta
",Romanian,4.2
154,26,"
      האמן ומרגריטה
",Hebrew,4.46
155,40,"
      Mistrz i Małgorzata
",Polish,4.72
156,29,"
      The Master and Margarita
",English,4.03
157,35,"
      Mistrz i Małgorzata
",Polish,4.31
158,46,"
      Мастер и Маргарита
",Russian,4.61
159,22,"
      El Maestro y Margarita
",Spanish,4.14
160,37,"
      Майстер і Марґарита
",Ukrainian,4.41
161,37,"
      Мастер и Маргарита
",Russian,4.65
162,27,"
      Il Maestro e Margherita
",Italian,3.89
163,16,"
      Maestrul și Margareta
",Romanian,4.38
164,29,"
      El maestro y Margarita
",Spanish,4.24
165,36,"
      Майстора и Маргарита
",Bulgarian,4.19
166,12,"
      The Master and Margarita
",English,4.58
167,32,"
      Майстора и Маргарита
",Bulgarian,3.88
168,27,"
      De meester en Margarita
",Dutch,4.11
169,30,"
      Il maestro e Margherita
",Italian,4.5
170,23,"
      El maestro y Margarita
",Spanish,3.87
171,24,"
      The Master and Margarita
",English,3.96
172,31,"
      Mistrz i Małgorzata
",Polish,4.61
173,39,"
      Мастер и Маргарита
",Russian,4.69
174,33,"
      The Master and Margarita
",English,3.97
175,15,"
      Nghệ nhân và Margarita
",Vietnamese,4.27
176,24,"
      Master and Margarita
",English,4.25
177,20,"
      Le Maître et Marguerite
",French,4.05
178,25,"
      Mojster in Margareta
",Slovenian,4.48
179,18,"
      El maestro y Margarita
",Spanish,3.83
180,20,"
      Mesteren og Margarita
",Norwegian,4.0
181,17,"
      El Maestro y Margarita
",Spanish,4.24
182,29,"
      Il Maestro e Margherita
",Italian,4.62
183,29,"
      Мастер и Маргарита (роман-комикс)
",Russian,4.55
184,26,"
      De meester en Margarita
",Dutch,4.42
185,22,"
      Mistrz i Malgorzata
",,4.32
186,36,"
      Мастер и Маргарита
",Russian,4.61
187,28,"
      Майстора и Маргарита
",Bulgarian,4.14
188,23,"
      The Master and Margarita
",English,4.0
189,30,"
      Meistars un Margarita
",Latvian,4.17
190,25,"
      Мастер и Маргарита
",Russian,4.36
191,23,"
      Maestrul şi Margarita
",Romanian,4.48
192,26,"
      The Master & Margarita
",English,4.31
193,14,"
      Usta ile Margarita
",Turkish,4.43
194,30,"
      Saatana saapuu Moskovaan
",Finnish,4.3
195,19,"
      Majstor i Margarita
",Serbian,4.26
196,26,"
      Il maestro e Margherita
",Italian,4.35
197,15,"
      Works by Mikhail Bulgakov: The Master and Margarita
",,4.4
198,12,"
      Nghệ nhân và Margarita
",Vietnamese,4.67
199,21,"
      The Master & Margarita
",English,4.33
200,31,"
      Mistr a Markétka
",Czech,4.65
201,17,"
      Il Maestro e Margherita
",Italian,4.47
202,25,"
      Maestrul si Margareta
",Romanian,4.36
203,12,"
      Il Maestro e Margherita
",Italian,3.92
204,17,"
      Мастер и Маргарита
",Russian,4.41
205,11,"
      Мастер Маргарита хоёр
",Russian,4.09
206,19,"
      El maestro y Margarita 
",Spanish,4.37
207,25,"
      Il Maestro e Margherita
",Italian,4.08
208,29,"
      Mistrz i Małgorzata
",Polish,4.45
209,15,"
      Майстора и Маргарита
",Bulgarian,3.87
210,9,"
      The Master & Margarita
",,3.89
211,17,"
      Il Maestro e Margherita
",Italian,4.47
212,4,"
      مرشد و مارگاریتا
",Persian,4.25
213,25,"
      Мастер и Маргарита
",Russian,4.64
214,19,"
      Мастер и Маргарита
",Russian,4.47
215,25,"
      Майстора и Маргарита
",Bulgarian,4.0
216,24,"
      مرشد و مارگریتا
",Persian,4.38
217,20,"
      The Master And Margarita
",English,3.95
218,20,"
      The Master and Margarita
",,3.65
219,17,"
      Mастер и Mаргарита
",Russian,4.82
220,22,"
      Il maestro e Margherita
",Italian,4.05
221,21,"
      Mojster in Margareta
",Slovenian,4.62
222,19,"
      Maestrul şi Margareta
",Romanian,4.47
223,17,"
      Mistr a Markétka
",Czech,4.29
224,17,"
      Мастер и Маргарита
",Russian,4.47
225,22,"
      Мастер и Маргарита
",Russian,4.45
226,19,"
      The Master and Margarita
",English,4.16
227,17,"
      Mästaren och Margarita
",Swedish,4.47
228,21,"
      The Master and Margarita
",English,4.33
229,13,"
      Majstor i Margarita
",Croatian,4.38
230,9,"
      Le Maître et Marguerite
",French,4.11
231,10,"
      The Master and Margarita
",English,4.5
232,13,"
      Il Maestro e Margherita
",Italian,3.92
233,10,"
      Il Maestro e Margherita
",Italian,4.0
234,9,"
      The Master and Margarita
",,3.89
235,7,"
      Վարպետը և Մարգարիտան
",Armenian,5.0
236,16,"
      The Master and Margarita
",English,4.13
237,23,"
      Mistrz i Małgorzata
",Polish,4.65
238,12,"
      The Master and Margarita
",English,3.25
239,20,"
      Мастер и Маргарита
",Russian,4.35
240,12,"
      Mesteren og Margarita
","Bokmål, Norwegian; Norwegian Bokmål",4.25
241,22,"
      Mistrz i Małgorzata
",Polish,4.0
242,15,"
      A Mester és Margarita
",Hungarian,4.53
243,18,"
      Мастер и Маргарита
",Russian,4.83
244,13,"
      استاد و مارگریتا
",Persian,3.85
245,14,"
      Der Meister und Margarita
",German,4.0
246,13,"
      The Master and Margarita
",English,4.15
247,10,"
      ოსტატი და მარგარიტა
",Georgian,4.9
248,5,"
      Il maestro e Margherita
",Italian,3.6
249,10,"
      Le Maître et Marguerite
",French,4.1
250,8,"
      Мастер и Маргарита: Mistrz i Małgorzata
",,4.88
251,9,"
      Mistrz i Małgorzata
",Polish,4.56
252,14,"
      Saatana saapuu Moskovaan
",Finnish,4.07
253,15,"
      Le Maître et Marguerite
",French,4.13
254,13,"
      Majstor i Margarita
",Bosnian,4.38
255,14,"
      Majstor i Margarita
",Serbian,4.57
256,15,"
      De meester en Margarita (Verzamelde werken, #3)
",Dutch,4.2
257,16,"
      Majster a Margaréta
",Slovak,4.56
258,6,"
      Maestrul și Margareta
",Romanian,4.5
259,11,"
      Der Meister und Margarita
",German,4.09
260,13,"
      Der Meister und Margarita
",German,4.46
261,14,"
      Mistrz i Małgorzata
",Polish,4.57
262,6,"
      The Master and Margarita
",English,3.33
263,15,"
      Il Maestro e Margherita
",Italian,4.4
264,11,"
      Il Maestro e Margherita
",Italian,4.55
265,14,"
      Der Meister und Margarita
",German,4.43
266,9,"
      Il Maestro e Margherita
",Italian,3.89
267,4,"
      مرشد و مارگاریتا
",Persian,4.0
268,11,"
      Il Maestro e Margherita
",Italian,3.73
269,11,"
      Le Maître et Marguerite
",French,4.0
270,13,"
      Majstor i Margarita
",,4.77
271,19,"
      Mistrz i Małgorzata
",Polish,4.32
272,13,"
      Mistr a Markétka
",Czech,4.08
273,15,"
      Maestrul şi Margareta
",Romanian,4.33
274,10,"
      The Master and Margarita
",English,4.0
275,7,"
      The Master and Margarita
",English,3.57
276,16,"
      Master and Margarita
",English,4.44
277,11,"
      Der Meister und Margarita
",German,4.09
278,10,"
      Il maestro e Margherita
",Italian,4.2
279,6,"
      The Master and Margarita
",English,4.5
280,9,"
      The Master and Margarita
",English,3.67
281,11,"
      Meistras ir Margarita
",Lithuanian,4.27
282,6,"
      Il Maestro e Margherita
",Italian,4.33
283,11,"
      Mistrz i Małgorzata
",Polish,4.18
284,13,"
      Майстора и Маргарита
",Bulgarian,4.54
285,17,"
      Le Maître et Marguerite
",French,4.06
286,10,"
      Мастер и Маргарита
",Russian,4.0
287,11,"
      Мастер и Маргарита
",Russian,4.09
288,7,"
      Il maestro e Margherita
",Italian,4.0
289,13,"
      The Master and Margarita
",English,3.92
290,3,"
      المعلم ومرغريتا
",Arabic,4.33
291,9,"
      Mistrz i Malgorzata
",,4.56
292,10,"
      Il Maestro e Margherita
",Italian,4.4
293,15,"
      Mistr a Markétka
",Czech,4.2
294,14,"
      Мастер и Маргарита
",Russian,4.57
295,12,"
      Il Maestro e Margherita
",Italian,4.33
296,13,"
      Il maestro e Margherita
",Italian,4.15
297,10,"
      Il maestro e Margherita
",Italian,3.6
298,11,"
      The Master and Margarita
",English,4.45
299,4,"
      Il Maestro e Margherita: All'amico segreto. Lettera al Governo dell'Urss
",Italian,4.25
300,7,"
      De meester en Margarita
",Dutch,4.29
301,11,"
      Мастер и Маргарита
",Russian,4.73
302,13,"
      Il Maestro e Margherita
",Italian,4.08
303,9,"
      Majstor i Margarita
",Serbian,4.89
304,9,"
      De meester en Margarita
",Dutch,4.67
305,9,"
      Mästaren och Margarita
",Swedish,4.0
306,14,"
      Mistrz i Małgorzata
",Polish,4.5
307,8,"
      The Master and Margarita
",English,4.0
308,7,"
      Master və Marqarita
",Azerbaijani,4.57
309,9,"
      Il Maestro e Margherita
",Italian,4.44
310,8,"
      Мастер и Маргарита
",Russian,4.38
311,9,"
      El maestro y Margarita
",Spanish,4.33
312,10,"
      Mistr a Markétka
",Czech,4.4
313,12,"
      Meister ja Margarita
",Estonian,3.92
314,9,"
      El maestro y Margarita
",Spanish,4.78
315,3,"
      Il Maestro e Margherita
",Italian,3.67
316,6,"
      El Maestro y Margarita
",Spanish,4.33
317,11,"
      Majstor i Margarita
",Croatian,4.55
318,5,"
      Mesteren og Margarita
",Norwegian,3.8
319,8,"
      Meister ja Margarita
",Estonian,4.0
320,11,"
      Il Maestro e Margherita
",Italian,4.91
321,9,"
      Мастер и Маргарита
",Russian,4.33
322,3,"
      The Master and Margarita: Picador Classic
",,3.67
323,4,"
      De meester en margarita
",Dutch,4.25
324,6,"
      Der Meister und Margarita
",German,4.0
325,9,"
      Мастер и Маргарита
",Russian,4.67
326,7,"
      Mistrz i Małgorzata
",Polish,4.43
327,7,"
      Майстора и Маргарита
",Bulgarian,4.14
328,10,"
      Мастер и Маргарита
",Russian,4.6
329,12,"
      Mistrz i Małgorzata
",Polish,4.67
330,8,"
      The Master & Margarita
",English,3.88
331,9,"
      Мастер и Маргарита
",Russian,4.44
332,11,"
      A Mester és Margarita
",Hungarian,4.45
333,9,"
      The Master and Margarita
",English,4.33
334,8,"
      El Maestro y Margarita
",Spanish,3.88
335,5,"
      مرشد و مارگاریتا
",Persian,4.4
336,8,"
      Mistrz i Małgorzata
",Polish,4.88
337,1,"
      Maestrul și Margareta
",Romanian,5.0
338,4,"
      Мастер Маргарита хоёр
",Mongolian,4.5
339,3,"
      O Mestre e Margarida
",Portuguese,4.33
340,7,"
      Мастер и Маргарита
",Russian,4.86
341,6,"
      El Maestro y Margarita
",Spanish,4.5
342,8,"
      Мастер и Маргарита
",Russian,4.25
343,5,"
      مرشد و مارگریتا
",Persian,2.6
344,7,"
      Ο Μαιτρ και η Μαργαρίτα
","Greek, Modern (1453-)",3.0
345,6,"
      Mesteren og Margarita
",Norwegian,4.0
346,5,"
      האמן ומרגריטה
",Hebrew,3.4
347,6,"
      Le Maître et Marguerite (Pavillons poche)
",,4.67
348,2,"
      El mestre i margarida
",Catalan; Valencian,3.5
349,6,"
      Мастер и Mаргарита
",Russian,5.0
350,4,"
      The Master and Margarita
",English,3.5
351,2,"
      Mesteren og Margarita
",,3.5
352,7,"
      Ο μαιτρ και η Μαργαρίτα
","Greek, Modern (1453-)",3.86
353,6,"
      Mistrz i Małgorzata
",Polish,4.0
354,4,"
      The Master and Margarita
",English,3.25
355,7,"
      De meester en Margarita
",Dutch,4.43
356,7,"
      Mästaren och Margarita
",Swedish,4.43
357,3,"
      Le Maître et Marguerite
",French,4.33
358,5,"
      The Master and Margarita
",English,4.0
359,6,"
      Majstor i Margarita
",Croatian,4.5
360,5,"
      Ο Μαιτρ και η Μαργαρίτα (Α+Β)
","Greek, Modern (1453-)",3.6
361,6,"
      Meister ja Margarita
",Estonian,4.67
362,3,"
      Maestrul si Margareta
",,4.0
363,5,"
      Der Meister und Margarita
",English,4.6
364,5,"
      De meester en Margarita
",Dutch,4.4
365,5,"
      A Mester és Margarita
",Hungarian,4.6
366,4,"
      The Master & Margarita
",English,4.5
367,9,"
      Mistrz i Małgorzata
",Polish,4.33
368,3,"
      O Mestre e Margarida
",Portuguese,4.33
369,2,"
      มาสเตอร์ กับ มาร์การิตา
",Thai,3.0
370,4,"
      The Master and Margarita
",English,4.75
371,7,"
      Mistr a Markétka
",Czech,4.57
372,4,"
      Il Maestro e Margherita
",Italian,4.25
373,1,"
      The Master and Margarita
",English,2.0
374,4,"
      Il maestro e Margherita
",Italian,3.75
375,6,"
      The Master and Margarita
",English,4.33
376,7,"
      Il Maestro e Margherita
",Italian,4.29
377,5,"
      Le Maitre Et Marguerite
",French,4.4
378,5,"
      El maestro y Margarita
",Spanish,4.8
379,6,"
      Мајсторот и Маргарита
",Macedonian,4.67
380,4,"
      Mästaren och Margarita
",Swedish,5.0
381,5,"
      Majstor i Margarita
",Serbian,4.2
382,3,"
      Der Meister und Margarita
",German,3.33
383,5,"
      Mesteren og Margarita
","Bokmål, Norwegian; Norwegian Bokmål",5.0
384,3,"
      Majstor i Margarita
",Croatian,4.67
385,6,"
      Мастер и Маргарита
",Russian,4.33
386,4,"
      Il Maestro e Margherita
",Italian,4.25
387,6,"
      Il Maestro e Margherita
",Italian,3.83
388,4,"
      Мастер и Маргарита
",Russian,4.25
389,2,"
      Il maestro e Margherita
",Italian,4.5
390,5,"
      Mästaren och Margarita
",Swedish,4.0
391,3,"
      A Mester és Margarita
",Hungarian,5.0
392,4,"
      Saatana saapuu Moskovaan
",Finnish,4.0
393,4,"
      Мастер и Маргарита
",Russian,5.0
394,8,"
      Мастер и Маргарита
",Russian,4.13
395,4,"
      The Master and Margarita
",English,3.5
396,8,"
      Мастер и Маргарита
",Russian,4.75
397,3,"
      Il Maestro e Margherita
",,4.0
398,2,"
      The Master and Margarita (Picador Classic)
",,3.5
399,3,"
      Mistr a Markétka
",Czech,4.33
400,2,"
      Usta ile Margarita
",Turkish,5.0
401,5,"
      Majster a Margaréta
",Slovak,4.4
402,5,"
      Maestrul şi Margareta
",Romanian,3.6
403,4,"
      Mojster in Margareta
",Slovenian,4.75
404,4,"
      Мастер и Маргарита
",Russian,5.0
405,3,"
      The Master and Margarita
",English,4.0
406,5,"
      Majstor i Margarita
",Serbian,3.8
407,4,"
      The Master and Margarita
",English,4.0
408,6,"
      The Master and Margarita
",Serbian,4.17
409,3,"
      Мастер и Маргарита. Театральный роман
",Russian,4.33
410,7,"
      Mistrz i Małgorzata
",Polish,4.29
411,2,"
      The Master and Margarita
",Russian,4.0
412,4,"
      Der Meister und Margarita
",German,5.0
413,6,"
      Мастер и Маргарита
",Russian,4.0
414,5,"
      Maestrul şi Margarita
",Romanian,3.8
415,2,"
      Usta ile Margarita
",Turkish,4.0
416,4,"
      Maestrul și Margareta
",Romanian,3.75
417,4,"
      Mästaren och Margarita
",Swedish,3.75
418,6,"
      Maestrul și Margareta
",Romanian,4.67
419,1,"
      Maestrul și Margareta
",Romanian,3.0
420,5,"
      Il Maestro e Margherita
",Italian,3.8
421,6,"
      Il Maestro e Margherita - All'amico segreto - Lettera al governo dell'Urss
",Italian,4.33
422,3,"
      De meester en Margarita
",Dutch,4.67
423,4,"
      Majstor i Margarita
",Croatian,4.5
424,3,"
      Meistarinn og Margaríta
",Icelandic,4.33
425,3,"
      Majster a Margaréta
",Slovak,4.33
426,1,"
      El Maestro y Margarita
",Spanish,4.0
427,3,"
      The Master and Margarita
",English,4.33
428,0,"
      大師與瑪格麗特
",Chinese,0.0
429,3,"
      Mästaren och Margarita
",Swedish,3.33
430,6,"
      Мастер и Маргарита
",Russian,4.17
431,4,"
      El maestro y Margarita
",Spanish,4.0
432,6,"
      Mistr a Markétka
",Czech,4.0
433,5,"
      Mesteren og Margarita
",Danish,3.8
434,5,"
      Il maestro e Margherita
",Italian,3.6
435,6,"
      Mästaren och Margarita
",Swedish,3.67
436,4,"
      Mästaren och Margarita
",Swedish,4.0
437,5,"
      Majstor i Margarita
",Serbian,4.0
438,3,"
      Margarita e o Mestre
",Portuguese,3.67
439,3,"
      Maestrul si Margareta
",Romanian,3.33
440,5,"
      Meistras ir Margarita
",Lithuanian,4.0
441,6,"
      Meistras ir Margarita
",,3.67
442,5,"
      Majstor i Margarita
",Croatian,4.0
443,4,"
      Margarita e o Mestre
",Portuguese,4.5
444,3,"
      Il Maestro e Margherita
",Italian,4.0
445,3,"
      Il Maestro e Margherita 
",Italian,3.67
446,1,"
      השטן ממוסקבה
",Hebrew,4.0
447,2,"
      O Mestre e Margarida
",Portuguese,4.0
448,1,"
      Der Meister und Margarita
",German,3.0
449,1,"
      Mistr a Markétka
",Czech,4.0
450,2,"
      Mistr a Markétka
",Czech,4.5
451,3,"
      Mistrz i Małgorzata
",Polish,5.0
452,3,"
      Майстора и Маргарита
",Bulgarian,4.67
453,1,"
      The Master and Margarita
",English,5.0
454,1,"
      The Master and Margarita
",English,3.0
455,5,"
      Le Maître et Marguerite
",French,4.2
456,2,"
      Мастер и Маргарита
",English,5.0
457,3,"
      Majstor i Margarita
",Serbian,5.0
458,5,"
      Мастер и Маргарита
",Russian,4.6
459,4,"
      Maestrul şi Margareta
",Romanian,4.25
460,2,"
      Mistr a Markétka
",Czech,4.5
461,4,"
      Mästaren och Margarita
",Swedish,5.0
462,2,"
      Il maestro e Margherita
",Italian,5.0
463,3,"
      De Meester en Margarita
",Dutch,4.0
464,0,"
      The Master and Margarita
",English,0.0
465,3,"
      Мастер и Маргарита
",Russian,5.0
466,4,"
      Meister ja Margarita
",Estonian,4.75
467,2,"
      The Master and Margarita
",English,5.0
468,3,"
      Мастер и Маргарита
",Russian,5.0
469,0,"
      Mjeshtri dhe margarita
",Albanian,0.0
470,1,"
      Maestrul și Margarita
",Romanian,4.0
471,1,"
      Il Maestro e Margherita
",Italian,5.0
472,3,"
      Maestrul și Margareta
",Romanian,4.67
473,1,"
      Il Maestro e Margherita
",Italian,3.0
474,2,"
      Meister ja Margarita
",Estonian,4.5
475,1,"
      El Maestro y Margarita
",Spanish,4.0
476,3,"
      Мастер и Маргарита
",Russian,3.67
477,1,"
      Der Meister und Margarita
",German,5.0
478,3,"
      Maestrul si Margareta
",Romanian,4.67
479,2,"
      Margarita e o Mestre
",Portuguese,3.0
480,3,"
      A Mester és Margarita
",Hungarian,3.67
481,4,"
      Мастер и Маргарита
",Russian,4.75
482,2,"
      The Master and Margarita (Picador Classic)
",,4.5
483,1,"
      Mistrz i Małgorzata
",Polish,3.0
484,1,"
      Le Maître et Marguerite
",French,1.0
485,3,"
      Meistras ir Margarita
",Lithuanian,4.67
486,4,"
      The Master and the Margarita
",English,4.25
487,1,"
      Il Maestro e Margherita
",Italian,4.0
488,1,"
      The Master and Margarita
",English,5.0
489,2,"
      Мастер и Маргарита
",Russian,5.0
490,2,"
      The Master and Margarita
",English,5.0
491,1,"
      Majstor i Margarita
",Serbian,4.0
492,2,"
      Le Maitre et Marguerite
",French,4.5
493,3,"
      Master and Margarita
",,3.33
494,3,"
      大师和玛加丽塔
",Chinese,3.33
495,1,"
      Der Meister und Margarita
",German,5.0
496,2,"
      Mistrz i Małgorzata
",Polish,5.0
497,1,"
      The Master And Margarita
",English,3.0
498,1,"
      Usta ile Margarita (İki Cilt)
",Turkish,3.0
499,2,"
      Il Maestro e Margherita
",Italian,3.5
500,0,"
      The Master and Margarita
",English,0.0
501,1,"
      The Master and Margarita
",English,5.0
502,1,"
      Il Maestro e Margherita
",Italian,4.0
503,2,"
      Le Maître et Marguerite
",French,5.0
504,4,"
      Maestrul şi Margareta
",Romanian,3.75
505,3,"
      The Master and Margarita
",English,4.0
506,3,"
      The Master and Margarita
",Russian,4.33
507,3,"
      Mistrz i Małgorzata
",Polish,4.67
508,2,"
      Mästaren och Margarita
",Swedish,4.5
509,2,"
      Il Maestro e Margherita
",Italian,4.0
510,1,"
      Il maestro e Margherita
",Italian,5.0
511,3,"
      Mojster in Margareta
",Slovenian,4.67
512,3,"
      The Master and Margarita
",English,4.33
513,1,"
      Мастер и Маргарита
",Russian,4.0
514,1,"
      The Master and Margarita
",English,3.0
515,2,"
      Mojster in Margareta
",Slovenian,5.0
516,0,"
      Мастер и Маргарита
",Russian,0.0
517,1,"
      Мастер и Маргарита
",Russian,5.0
518,2,"
      The Master and Margarita
",English,5.0
519,2,"
      Der Meister und Margarita
",German,3.5
520,0,"
      Мастер и Маргарита
",Russian,0.0
521,1,"
      Мастер и Маргарита
",Russian,5.0
522,0,"
      Майстора и Маргарита
",Bulgarian,0.0
523,1,"
      The Master and Margarita
",English,3.0
524,0,"
      The Master and Margarita
",,0.0
525,1,"
      El maestro y Margarita
",Spanish,5.0
526,1,"
      Il Maestro e Margherita
",Italian,5.0
527,0,"
      大師與瑪格麗特
",Chinese,0.0
528,2,"
      Der Meister und Margarita
",German,5.0
529,1,"
      Maestrul și Margareta
",Romanian,4.0
530,2,"
      El maestro y Margarita
",Spanish,4.5
531,1,"
      Mistrz i Małgorzata
",Polish,4.0
532,0,"
      Мастер и Маргарита
",Russian,0.0
533,1,"
      The Master and Margarita
",,4.0
534,0,"
      The Master and Margarita
",Urdu,0.0
535,2,"
      Il Maestro e Margherita
",Italian,3.5
536,1,"
      Мастер и Маргарита
",Russian,4.0
537,2,"
      Majstor i Margarita
",,5.0
538,1,"
      Meister und Margarita
",German,5.0
539,2,"
      Master I Margarita
",,5.0
540,1,"
      Мастер и Маргарита
",Russian,4.0
541,2,"
      Majstor i Margarita
",Bosnian,5.0
542,2,"
      Meistars un Margarita
",Latvian,4.5
543,1,"
      The Master and Margarita
",Russian,5.0
544,1,"
      A Mester és Margarita
",Hungarian,5.0
545,1,"
      Мастер и Маргарита
",Russian,5.0
546,1,"
      Meister und Margarita
",German,4.0
547,1,"
      Der Meister und Margarita
",German,3.0
548,0,"
      Margarita e o Mestre
",Portuguese,0.0
549,0,"
      The Master and Margarita
",Korean,0.0
550,1,"
      Il Maestro e Margherita
",Italian,4.0
551,2,"
      Mistrz i Małgorzata
",Polish,4.0
552,1,"
      Der Meister und Margarita
",German,4.0
553,2,"
      Мастер и Маргарита
",Russian,3.0
554,1,"
      Мастер и Маргарита
",Russian,2.0
555,1,"
      Der Meister und Margarita
",German,5.0
556,0,"
      Мастер и Маргарита
",Russian,0.0
557,0,"
      The Master and Margarita
",English,0.0
558,0,"
      Der Meister und Margarita
",German,0.0
559,0,"
      Il Maestro e Margherita
",Italian,0.0
560,1,"
      Mistrz i Małgorzata
",Polish,4.0
561,1,"
      The Master and Margarita
",English,3.0
562,1,"
      المعلم ومرغريتا
",Arabic,5.0
563,1,"
      Maestrul și Margareta
",Romanian,4.0
564,1,"
      Mistrz i Małgorzata
",Polish,5.0
565,0,"
      Le Maître et Marguerite
",French,0.0
566,0,"
      El maestro y Margarita
",Spanish,0.0
567,1,"
      المعلم ومرغريتا
",Arabic,3.0
568,1,"
      Master i Margarita
",,3.0
569,1,"
      Mistrz i Małgorzata
",,4.0
570,1,"
      Le Maître et Marguerite
",French,5.0
571,0,"
      Master i Margarita
",,0.0
572,0,"
      Majstor i Margarita
",Serbian,0.0
573,1,"
      Majstor i Margarita
",Serbian,5.0
574,0,"
      Der Meister und Margarita
",German,0.0
575,0,"
      The Master and Margarita
",,0.0
576,0,"
      Der Meister und Margarita
",German,0.0
577,0,"
      Mistrz i Małgorzata
",Polish,0.0
578,1,"
      Majstor i Margarita
",Croatian,4.0
579,1,"
      El Maestro y Margarita
",Spanish,4.0
580,1,"
      The Master and Margarita
",English,2.0
581,1,"
      Мастер и Маргарита
",Russian,5.0
582,1,"
      Il Maestro e Margherita
",Italian,5.0
583,0,"
      Il maestro e Margherita
",Italian,0.0
584,1,"
      Мастер и Маргарита
",Russian,5.0
585,0,"
      Мастер и Маргарита. Mistrz i Małgorzata [ze słownikiem]
",Russian,0.0
586,1,"
      El maestro y Margarita
",Spanish,5.0
587,0,"
      The Master and Margarita
",English,0.0
588,0,"
      Il maestro e Margherita
",,0.0
589,1,"
      The Master and Margarita
",English,4.0
590,1,"
      The Master and Margarita
",English,5.0
591,1,"
      Мастер и Маргарита
",Russian,5.0
592,0,"
      Мастер и Маргарита
",Russian,0.0
593,1,"
      Majstor i Margarita
",Bosnian,3.0
594,1,"
      El mestre i Margarida
",Catalan; Valencian,4.0
595,1,"
      The Master and Margarita
",English,5.0
596,1,"
      Usta ile Margarita
",Turkish,4.0
597,0,"
      Мастер и Маргарита
",Russian,0.0
598,1,"
      Мастер и Маргарита
",Russian,5.0
599,0,"
      Мастер и Маргарита
",Russian,0.0
600,1,"
      Мастер и Маргарита
",Russian,5.0
601,1,"
      The Master and Margarita
",English,5.0
602,0,"
      Margarida e o Mestre
",Portuguese,0.0
603,1,"
      El maestro y Margarita
",Spanish,3.0
604,1,"
      Мастер и Маргарита
",Russian,4.0
605,1,"
      Meister und Margarita
",German,5.0
606,1,"
      Le Maître et Marguerite
",French,5.0
607,0,"
      Der Meister und Margarita
",German,0.0
608,0,"
      El maestro y Margarita
",Spanish,0.0
609,1,"
      El Maestro y Margarita
",Spanish,5.0
610,1,"
      A Mester és Margarita
",Hungarian,2.0
611,1,"
      Mајсторот и Mаргаритата
",Macedonian,5.0
612,1,"
      Maestrul și Margareta
",Romanian,5.0
613,1,"
      Meistarinn og Margaríta
",Icelandic,5.0
614,1,"
      Мастер и Маргарита: Master and Margarita
",Russian,5.0
615,1,"
      Der Meister und Margarita
",German,5.0
616,0,"
      The Master and Margarita
",,0.0
617,1,"
      The Master and Margarita
",English,5.0
618,0,"
      El maestro y Margarita
",Spanish,0.0
619,1,"
      The Master and Margarita
",English,2.0
620,0,"
      The Master and Margarita
",Bosnian,0.0
621,0,"
      Kyoshō To Marugarīta
",Japanese,0.0
622,1,"
      Мастер и Маргарита
",Russian,5.0
623,0,"
      Le Maître et Marguerite
",English,0.0
624,1,"
      The Master and Margarita
",English,4.0
625,1,"
      The Master and Margarita
",English,4.0
626,0,"
      Master i Margarita
",,0.0
627,0,"
      Master i Margarita
",,0.0
628,1,"
      The Master and Margarita
",English,3.0
629,0,"
      Master i Margarita
",,0.0
630,0,"
      The Master and Margarita
",,0.0
631,0,"
      El Maestro y Margarita
",Spanish,0.0
632,0,"
      Ο Μαιτρ και η Μαργαρίτα
","Greek, Modern (1453-)",0.0
633,0,"
      Il Maestro e Margherita
",Italian,0.0
634,0,"
      El Maestro y Margarita
",Spanish,0.0
635,0,"
      Il Maestro e Margherita
",Italian,0.0
636,0,"
      Meistarin og Margaríta
",Faroese,0.0
637,0,"
      El Maestro y Margarita
",Spanish,0.0
638,0,"
      Verzamelde werken -3 (De meester en Margarita)
",Dutch,0.0
639,0,"
      By Mikhail Bulgakov - The Master and Margarita (Penguin Classics) (11/15/01)
",,0.0
640,0,"
      The Master and Margarita
",,0.0
641,0,"
      Master i Margarita
",,0.0
642,0,"
      The Master and Margarita
",English,0.0
643,0,"
      The Master and Margarita
",,0.0
644,0,"
      Il Maestro & Margherita
",Italian,0.0
645,0,"
      The Master and Margarita
",English,0.0
646,0,"
      Master i Margarita
",,0.0
647,0,"
      Master I Margarita
",,0.0
648,0,"
      Master I Margarita
",,0.0
649,0,"
      Il Maestro e Margherita
",Italian,0.0
650,0,"
      Le Maître et Marguerite
",French,0.0
651,0,"
      Il maestro e Margherita
",Italian,0.0
652,0,"
      Master I Margarita
",,0.0
653,0,"
      The Master and Margarita
",English,0.0
654,0,"
      Мастер и Маргарита
",Russian,0.0
655,0,"
      The Master and Margarita
",,0.0
656,0,"
      Мастер и Маргарита
",Russian,0.0
657,0,"
      Мастер и Маргарита
",Russian,0.0
658,0,"
      The Master and Margarita
",,0.0
659,0,"
      The Master and Margarita
",,0.0
660,0,"
      มาสเตอร์กับมาร์การิต้า
",Thai,0.0
661,0,"
      The Master and Margarita
",,0.0
662,0,"
      The Master and Margarita
",,0.0
663,0,"
      Мастер и Маргарита
",Russian,0.0
664,0,"
      Master I Margarita
",,0.0
665,0,"
      Мастер и Маргарита
",Russian,0.0
666,0,"
      Мастер и Маргарита
",Russian,0.0
667,0,"
      Master I Margarita
",,0.0
668,0,"
      Мастер и Маргарита
",Russian,0.0
669,0,"
      Master I Margarita
",,0.0
670,0,"
      Master I Margarita
",,0.0
671,0,"
      Master I Margarita
",,0.0
672,0,"
      Мастер и Маргарита
",Russian,0.0
673,0,"
      Мастер и Маргарита
",Russian,0.0
674,0,"
      Master I Margarita
",,0.0
675,0,"
      Master I Margarita
",,0.0
676,0,"
      Master I Margarita
",,0.0
677,0,"
      Master i Margarita
",English,0.0
678,0,"
      The Master and Margarita
",,0.0
679,0,"
      Master I Margarita
",,0.0
680,0,"
      Master I Margarita
",,0.0
681,0,"
      Il Maestro & Margherita
",Italian,0.0
682,0,"
      Mistrz i Małgorzata
",Polish,0.0
683,0,"
      Мастер и Маргарита
",Russian,0.0
684,0,"
      Мастер и Маргарита
",Russian,0.0
685,0,"
      Мастер и Маргарита
",Russian,0.0
686,0,"
      Master I Margarita
",,0.0
687,0,"
      Master I Margarita
",,0.0
688,0,"
      Мастер и Маргарита
",Russian,0.0
689,0,"
      Master I Margarita
",,0.0
690,0,"
      Master I Margarita
",,0.0
691,0,"
      Мастер и Маргарита
",Russian,0.0
692,0,"
      The Master and Margarita
",Bulgarian,0.0
693,0,"
      Der Meister und Margarita
",German,0.0
694,0,"
      Мастер и Маргарита
",Russian,0.0
695,0,"
      Mesteren og Margarita
",Danish,0.0
696,0,"
      The Master and Margarita
",,0.0
697,0,"
      Margarita e o Mestre
",Portuguese,0.0
698,0,"
      Der Meister und Margarita
",German,0.0
699,0,"
      Der Meister und Margarita
",German,0.0
S.No,numOfRaters,name,language,averageRating
700,555793,"
      One Hundred Years of Solitude
",English,4.04
701,3173,"
      صد سال تنهایی
",Persian,3.99
702,17667,"
      Cien años de soledad
",Spanish,4.46
703,7072,"
      One Hundred Years of Solitude
",English,4.09
704,2938,"
      Cent'anni di solitudine
",Italian,4.26
705,4526,"
      مئة عام من العزلة
",Arabic,3.62
706,3398,"
      One Hundred Years of Solitude 
",English,3.93
707,2748,"
      Yüzyıllık Yalnızlık
",Turkish,4.31
708,4704,"
      مئة عام من العزلة
",Arabic,3.79
709,1623,"
      One Hundred Years of Solitude
",English,3.96
710,3192,"
      Cem Anos de Solidão
",Portuguese,4.45
711,1833,"
      مائة عام من العزلة
",Arabic,3.55
712,5239,"
      One Hundred Years of Solitude
",English,4.12
713,1376,"
      One Hundred Years of Solitude
",English,4.08
714,2263,"
      One Hundred Years of Solitude
",English,4.09
715,3096,"
      One Hundred Years of Solitude
",English,4.1
716,1386,"
      مئة عام من العزلة
",Arabic,3.63
717,1913,"
      One Hundred Years of Solitude
",English,4.02
718,1034,"
      Сто лет одиночества
",Russian,4.11
719,1548,"
      One Hundred Years of Solitude
",English,4.09
720,954,"
      One Hundred Years of Solitude
",English,4.01
721,1760,"
      One Hundred Years of Solitude
",English,4.21
722,764,"
      مائة عام من العزلة
",Arabic,3.68
723,1442,"
      One Hundred Years of Solitude
",English,4.16
724,1035,"
      Cent ans de solitude
",French,4.06
725,1319,"
      Cien años de soledad
",Spanish,4.45
726,1055,"
      Cien años de soledad
",Spanish,4.36
727,633,"
      Cien años de soledad
",Spanish,4.34
728,614,"
      One Hundred Years of Solitude
",English,3.91
729,604,"
      One Hundred Years of Solitude
",English,4.06
730,988,"
      صد سال تنهایی
",Persian,4.15
731,886,"
      Cien años de soledad
",Spanish,4.43
732,656,"
      Un veac de singurătate
",Romanian,4.19
733,957,"
      Cien años de soledad
",Spanish,4.44
734,743,"
      Εκατό χρόνια μοναξιά
","Greek, Modern (1453-)",4.27
735,454,"
      Honderd jaar eenzaamheid
",Dutch,4.11
736,642,"
      One Hundred Years of Solitude
",English,4.19
737,511,"
      Hundert Jahre Einsamkeit
",German,3.86
738,364,"
      Cien años de soledad
",English,4.52
739,605,"
      Sto lat samotności
",Polish,4.04
740,496,"
      Cien años de soledad (Tapa Rústica)
",,4.46
741,552,"
      Cien años de soledad
",Spanish,4.4
742,425,"
      Yüzyıllık Yalnızlık
",Turkish,4.32
743,792,"
      صد سال تنهایی
",Persian,4.02
744,469,"
      Cien años de soledad
",Spanish,4.55
745,555,"
      Cien años de soledad
",Spanish,4.59
746,504,"
      Cien años de soledad
",Spanish,4.5
747,347,"
      Сто години самота
",Bulgarian,4.13
748,462,"
      Yüzyıllık Yalnızlık Gabriel García Márquez
",Turkish,4.51
749,278,"
      Trăm năm cô đơn
",Vietnamese,3.93
750,276,"
      مئة عام من العزلة
",Arabic,3.87
751,380,"
      Un veac de singurătate
",Romanian,4.18
752,337,"
      One Hundred Years of Solitude
",English,4.23
753,436,"
      Cem anos de solidão
",Portuguese,4.53
754,302,"
      Sadan vuoden yksinäisyys
",Finnish,3.94
755,461,"
      Cien años de soledad
",Spanish,4.46
756,365,"
      One Hundred Years Of Solitude
",English,4.05
757,330,"
      Cent'anni di solitudine
",Italian,4.22
758,244,"
      One Hundred Years of Solitude
",English,4.11
759,242,"
      Cien años de soledad
",Spanish,4.6
760,185,"
      Šimtas metų vienatvės
",Lithuanian,4.33
761,265,"
      Sto roků samoty
",Czech,4.2
762,320,"
      Cem Anos de Solidão
",Portuguese,4.56
763,262,"
      Honderd jaar eenzaamheid
",Dutch,4.05
764,293,"
      Cien años de soledad
",Spanish,4.51
765,251,"
      One Hundred Years of Solitude
",English,3.99
766,187,"
      مئة عام من العزلة 
",Arabic,3.44
767,188,"
      Hundra år av ensamhet
",Swedish,3.7
768,257,"
      One Hundred Years of Solitude
",English,3.73
769,101,"
      One Hundred Years of Solitude
",English,3.93
770,189,"
      One Hundred Years of Solitude
",English,3.76
771,220,"
      Cien años de soledad
",,4.47
772,232,"
      Cem Anos de Solidão
",Portuguese,4.31
773,141,"
      مائة عام من العزلة
",Arabic,3.47
774,180,"
      صد سال تنهایی
",Persian,3.99
775,109,"
      One Hundred Years of Solitude
",English,4.15
776,230,"
      Cien años de soledad
",English,4.43
777,182,"
      Cent ans de solitude
",French,3.92
778,221,"
      Sto godina samoće
",Serbian,4.31
779,42,"
      ഏകാന്തതയുടെ നൂറുവര്‍ഷങ്ങള്‍
",Malayalam,3.67
780,201,"
      One Hundred Years of Solitude
",English,4.38
781,76,"
      One Hundred Years of Solitude
",English,3.72
782,240,"
      Cien años de soledad
",Spanish,4.44
783,205,"
      Cien años de soledad
",Spanish,4.58
784,212,"
      Cien años de soledad
",Spanish,4.4
785,258,"
      Cien años de soledad
",Spanish,4.52
786,185,"
      Cent'anni di solitudine
",Italian,4.34
787,18,"
      தனிமையின் நூறு ஆண்டுகள்
",Tamil,3.72
788,149,"
      百年孤独
",Chinese,4.48
789,192,"
      Cien años de soledad
",Spanish,4.43
790,154,"
      Száz év magány
",Hungarian,4.38
791,165,"
      Cien años de soledad
",,4.61
792,139,"
      Cien años de soledad
",Spanish,4.5
793,213,"
      Cien años de soledad
",Spanish,4.37
794,154,"
      Cien años de soledad
",,4.41
795,141,"
      صدسال تنهایی
",Persian,4.14
796,168,"
      Cien años de soledad
",Spanish,4.56
797,83,"
      Seratus Tahun Kesunyian
",Indonesian,4.1
798,102,"
      مائة عام من العزلة
",Arabic,3.8
799,72,"
      مائة عام من العزلة
",Arabic,3.71
800,138,"
      Cent'anni di solitudine
",Italian,4.14
801,128,"
      Simts vientulības gadu
",Latvian,4.33
802,109,"
      Sada aastat üksildust
",Estonian,4.26
803,122,"
      Cien años de soledad
",Spanish,4.57
804,95,"
      Cent'anni di solitudine
",Italian,4.47
805,122,"
      მარტოობის ასი წელიწადი
",Georgian,4.32
806,118,"
      Cem Anos de Solidão
",Portuguese,4.67
807,114,"
      100 Years of Solitude: An A+ Audio Study Guide
",English,4.28
808,133,"
      Cien años de soledad
",Spanish,4.32
809,64,"
      Зуун жилийн ганцаардал
",Mongolian,4.08
810,152,"
      Cien años de soledad
",Spanish,4.18
811,138,"
      Cien años de soledad
",Spanish,4.39
812,125,"
      Cien años de soledad
",Spanish,4.5
813,83,"
      Sto godina samoće
",Bosnian,4.43
814,89,"
      Cien años de soledad
",Spanish,4.58
815,128,"
      One Hundred Years of Solitude
",English,4.1
816,64,"
      مئة عام من العزلة
",Arabic,3.95
817,150,"
      Cien años de soledad
",Spanish,4.32
818,96,"
      Sto rokov samoty
",Slovak,4.31
819,48,"
      مائة عام من العزلة
",,3.42
820,84,"
      One Hundred Years of Solitude  
",English,3.68
821,29,"
      One Hundred Years of Solitude (Oprah's Book Club)
",English,4.21
822,62,"
      صد سال تنهایی
",Persian,3.94
823,132,"
      Cien años de soledad
",Spanish,4.49
824,132,"
      Cien años de soledad
",Spanish,4.51
825,129,"
      Cien años de soledad
",Spanish,4.28
826,99,"
      Cien años de soledad
",English,4.53
827,70,"
      Cent'anni di solitudine
",Italian,4.23
828,89,"
      One Hundred Years Of Solitude
",English,4.09
829,68,"
      Yüzyıllık Yalnızlık
",Turkish,4.46
830,99,"
      One Hundred Years of Solitude
",English,3.95
831,68,"
      100 años de soledad
",,4.4
832,88,"
      One Hundred Years of Solitude
",,4.23
833,93,"
      Cien años de soledad
",Spanish,4.45
834,59,"
      Cent'anni di solitudine
",Italian,4.46
835,87,"
      One Hundred Years Of Solitude
",English,4.11
836,85,"
      Cien Anos De Soledad
",,4.71
837,53,"
      Cien años de soledad
",Spanish,4.47
838,101,"
      One Hundred Years of Solitude
",English,4.61
839,79,"
      Сто років самотності
",Ukrainian,4.28
840,92,"
      One Hundred Years of Solitude
",English,4.11
841,66,"
      Cem Anos de Solidão
",Portuguese,4.58
842,39,"
      নিঃসঙ্গতার একশ বছর
",Bengali,4.31
843,75,"
      Cien años de soledad (Grandes Clásicos de la Literatura, Serie II, Vol. #1)
",Spanish,4.48
844,53,"
      One Hundred Years of Solitude
",,4.45
845,84,"
      Cien años de soledad
",Spanish,3.93
846,82,"
      One Hundred Years of Solitude
",English,4.06
847,57,"
      صد سال تنهایی
",Persian,4.04
848,80,"
      Cien años de soledad
",English,4.29
849,90,"
      Cien años de soledad
",Spanish,4.39
850,49,"
      100 års ensomhed
",Danish,3.96
851,72,"
      One Hundred Years Of Solitude
",English,4.08
852,79,"
      Cien años de soledad
",Spanish,4.3
853,79,"
      Cien años de soledad 
",Spanish,4.28
854,34,"
      Seratus Tahun Kesunyian
",Indonesian,4.12
855,82,"
      One Hundred Years of Solitude
",English,3.4
856,63,"
      Cien años de soledad
",Spanish,4.62
857,76,"
      Cien años de soledad
",Spanish,4.41
858,60,"
      Hundert Jahre Einsamkeit
",German,3.93
859,47,"
      Hundre års ensomhet
",Norwegian,4.15
860,48,"
      Cent'anni di solitudine
",Italian,4.38
861,42,"
      مئة عام من العزلة
",Arabic,3.38
862,64,"
      One Hundred Years of Solitude
",English,4.2
863,58,"
      Cien años de soledad
",Spanish,4.5
864,70,"
      Εκατό χρόνια μοναξιά
","Greek, Modern (1453-)",3.87
865,51,"
      Cien años de soledad
",Spanish,4.47
866,48,"
      Cien años de soledad (edición ilustrada)
",,4.67
867,40,"
      Cem Anos de Solidão
",Portuguese,4.35
868,52,"
      Cent'anni di solitudine
",Italian,4.29
869,56,"
      Hundert Jahre Einsamkeit
",German,3.8
870,58,"
      Cien años de soledad
",Spanish,4.48
871,69,"
      Cien Anos de Soledad
",,4.3
872,42,"
      مائة عام من العزلة
",Arabic,3.6
873,63,"
      Cien años de soledad
",Spanish,4.57
874,60,"
      Cem anos de solidão
",Portuguese,4.13
875,59,"
      Cien Años de Soledad
",Spanish,4.56
876,53,"
      Cien años de soledad
",Spanish,4.09
877,63,"
      Cien años de soledad
",Spanish,4.52
878,54,"
      One Hundred Years of Solitude
",English,3.11
879,45,"
      Sadan vuoden yksinäisyys
",Finnish,3.67
880,54,"
      Sto lat samotności
",Polish,4.3
881,32,"
      Сто лет одиночества
",Russian,4.31
882,47,"
      Cien años de soledad 50 Aniversario
",Spanish,4.57
883,39,"
      مائة عام من العزلة
",Arabic,3.67
884,51,"
      One Hundred Years of Solitude
",English,4.06
885,32,"
      صد سال تنهایی
",Persian,4.34
886,37,"
      Šimtas metų vienatvės
",Lithuanian,4.49
887,44,"
      Cien años de soledad
",Spanish,4.57
888,41,"
      Cent ans de solitude
",French,4.02
889,66,"
      Cien años de soledad
",Spanish,4.45
890,57,"
      One Hundred Years of Solitude
",English,3.51
891,34,"
      מאה שנים של בדידות
",Hebrew,4.21
892,60,"
      Cien años de soledad
",Spanish,4.43
893,25,"
      100 Жилийн Ганцаардал
",Mongolian,3.96
894,57,"
      Сто лет одиночества
",Russian,4.25
895,37,"
      Cem Anos de Solidão
",Portuguese,4.68
896,37,"
      Cien años de soledad
",Spanish,4.49
897,22,"
      Miaat Am Mina Al `Ozla
",,3.68
898,52,"
      Cien años de soledad
",Spanish,4.35
899,49,"
      Cien años de soledad
",Spanish,4.27
900,34,"
      One Hundred Years of Solitude (P.S.)
",English,4.15
901,38,"
      Cent'anni di solitudine
",Italian,4.21
902,32,"
      Cien años de soledad
",Spanish,4.41
903,34,"
      Sto let samote
",Slovenian,3.97
904,46,"
      Cien Anos de Soledad
",,4.35
905,25,"
      Cem Anos de Solidão
",Portuguese,4.16
906,30,"
      Yüzyıllık Yalnızlık
",Turkish,3.97
907,45,"
      Sto godina samoće
",Croatian,4.4
908,41,"
      One Hundred Years of Solitude
",English,4.49
909,30,"
      Cent ans de solitude
",French,4.33
910,41,"
      Cien años de soledad
",Spanish,4.66
911,29,"
      Hundrað ára einsemd
",Icelandic,4.17
912,24,"
      One Hundred Years of Solitude
",English,3.38
913,43,"
      One Hundred Years of Solitude  
",English,3.91
914,47,"
      Cem anos de solidão
",Portuguese,4.45
915,48,"
      Un veac de singurătate
",Romanian,4.4
916,35,"
      Honderd jaar eenzaamheid
",Dutch,4.11
917,25,"
      Cem anos de solidão
",,4.8
918,34,"
      Cent'anni di solitudine
",Italian,4.41
919,40,"
      Cien años de soledad
",Spanish,4.35
920,35,"
      Honderd jaar eenzaamheid
",Dutch,3.91
921,35,"
      Cien años de soledad
",Spanish,4.31
922,24,"
      صد سال تنهایی
",Farsi,3.46
923,32,"
      One Hundred Years of Solitude
",Spanish,4.34
924,29,"
      Honderd jaar eenzaamheid
",Dutch,3.93
925,19,"
      Cien años de soledad
",Spanish,4.26
926,32,"
      Cien Anos de Soledad
",English,4.69
927,30,"
      One Hundred Years of Solitude
",English,4.7
928,30,"
      Honderd jaar eenzaamheid
",Dutch,3.77
929,33,"
      One Hundred Years of Solitude
",English,4.15
930,35,"
      Sto lat samotności
",Polish,4.31
931,38,"
      One Hundred Years of Solitude
",English,3.95
932,21,"
      百年孤寂
",Chinese,4.62
933,15,"
      Yüzyıllık Yalnızlık
",Turkish,4.07
934,29,"
      Cent'anni di solitudine
",Italian,4.0
935,39,"
      One Hundred Years of Solitude
",,4.62
936,25,"
      Cien años de soledad
",Spanish,4.64
937,23,"
      Honderd jaar eenzaamheid
",Dutch,3.78
938,12,"
      一百年的孤寂
",Chinese,4.25
939,37,"
      Cem Anos de Solidão
",Portuguese,4.65
940,21,"
      Cien años de soledad
",Spanish,4.19
941,33,"
      Cent'anni di solitudine
",Italian,4.48
942,27,"
      Hundert Jahre Einsamkeit
",German,3.96
943,19,"
      Εκατό χρόνια μοναξιά
","Greek, Modern (1453-)",4.16
944,25,"
      Cien años de Soledad
",Spanish,4.4
945,19,"
      Cent'anni di solitudine
",Italian,3.89
946,16,"
      Sto lat samotności
",Polish,4.25
947,31,"
      Cien años de soledad
",Spanish,4.45
948,10,"
      One Hundred Years of Solitude (Bloom's Guides)
",English,4.0
949,34,"
      Сто лет одиночества
",Russian,4.09
950,30,"
      Sto godina samoće
",Serbian,4.37
951,22,"
      One Hundred Years Of Solitude
",English,4.18
952,26,"
      One Hundred Years Of Solitude
",English,4.08
953,20,"
      Cien Anos De Soledad (Ilustraciones De Fabelo)
",,4.6
954,29,"
      Un veac de singurătate
",Romanian,4.21
955,22,"
      Cien años de soledad
",Spanish,4.41
956,20,"
      Cien años de soledad
",Spanish,4.85
957,13,"
      One Hundred Years of Solitude - Seratus Tahun Kesunyian
",Indonesian,4.46
958,15,"
      Cem Anos de Solidão
",Portuguese,4.67
959,27,"
      Un veac de singurătate
",Romanian,4.89
960,13,"
      หนึ่งร้อยปีแห่งความโดดเดี่ยว
",Thai,4.69
961,25,"
      Hundert Jahre Einsamkeit
",German,4.08
962,32,"
      Cien años de soledad
",Spanish,4.72
963,18,"
      مئة عام من العزلة
",Arabic,4.0
964,17,"
      مائة عام من العزلة
",Arabic,4.12
965,20,"
      Hundrede års ensomhed
",Danish,3.8
966,26,"
      Sto lat samotności
",Polish,4.58
967,30,"
      Cien años de soledad
",Spanish,4.37
968,25,"
      Cem Anos de Solidão
",Portuguese,4.4
969,31,"
      Cien años de soledad
",Spanish,4.29
970,24,"
      Cien años de soledad
",Spanish,4.33
971,18,"
      One Hundred Years of Solitude  
",English,4.06
972,8,"
      Հարյուր տարվա մենություն
",Armenian,4.25
973,14,"
      Сто лет одиночества
",Russian,4.36
974,27,"
      Cien años de soledad
",Spanish,4.37
975,24,"
      Сто років самотності
",Ukrainian,4.21
976,28,"
      Сто лет одиночества
",Russian,4.14
977,21,"
      Cien años de soledad
",,4.43
978,24,"
      Honderd jaar eenzaamheid
",Dutch,4.17
979,7,"
      One Hundred Years of Solitude
",,3.57
980,19,"
      Cien años de soledad
",,3.84
981,16,"
      Sto rokov samoty
",Slovak,4.19
982,24,"
      Cem Anos de solidão
",Portuguese,4.5
983,21,"
      Cien años de soledad
",Spanish,4.76
984,23,"
      Cien años de soledad
",Spanish,4.17
985,21,"
      100 años de soledad
",English,4.38
986,7,"
      مئة عام من العزلة
",Arabic,4.71
987,21,"
      One Hundred Years of Solitude
",English,4.48
988,25,"
      Cent'anni di solitudine
",Italian,4.12
989,13,"
      Cent ans de solitude
",French,4.15
990,21,"
      Cem Anos de Solidão
",Portuguese,4.33
991,13,"
      One Hundred Years of Solitude
",,4.31
992,15,"
      One Hundred Years of Solitude (International Writers)
",English,4.47
993,15,"
      Šimtas metų vienatvės
",Lithuanian,4.47
994,11,"
      مئة عام من العزلة
",Arabic,3.64
995,26,"
      Sto lat samotności
",Polish,4.04
996,20,"
      Cem Anos de Solidão
",Portuguese,4.5
997,24,"
      Cien años de soledad
",Spanish,4.58
998,10,"
      One Hundred Years of Solitude (Folio Society)
",English,4.1
999,18,"
      Hundert Jahre Einsamkeit
",German,3.5
1000,14,"
      cem anos de solidão
",Portuguese,4.71
1001,18,"
      Cent'anni di solitudine
",Italian,4.28
1002,14,"
      One Hundred Years of Solitude
",English,4.64
1003,11,"
      Sto lat samotności
",Polish,3.73
1004,11,"
      مائة عام من العزلة
",Arabic,2.91
1005,19,"
      Cien años de soledad
",Spanish,4.47
1006,14,"
      Cien años de soledad
",Spanish,4.5
1007,26,"
      Cien años de soledad
",Spanish,4.27
1008,17,"
      Cien años de soledad
",,4.06
1009,8,"
      Сто години самота
",Bulgarian,4.5
1010,13,"
      Cent ans de solitude
",French,4.0
1011,16,"
      Sto roků samoty
",Czech,4.19
1012,13,"
      Cien años de soledad
",Spanish,4.38
1013,13,"
      Yüzyıllık Yalnızlık
",Turkish,4.31
1014,17,"
      Cien años de soledad
",Spanish,4.35
1015,17,"
      Cien años de soledad
",English,4.41
1016,11,"
      หนึ่งร้อยปีแห่งความโดดเดี่ยว
",Thai,4.73
1017,19,"
      Honderd jaar eenzaamheid
",Dutch,3.68
1018,16,"
      Sadan vuoden yksinäisyys
",Finnish,3.63
1019,19,"
      Cem Anos de Solidão
",Portuguese,4.79
1020,8,"
      One Hundred Years of Solitude
",English,3.0
1021,11,"
      Šimtas metų vienatvės
",Lithuanian,4.09
1022,15,"
      Сто лет одиночества
",Russian,4.47
1023,5,"
      百年孤寂
",Chinese,4.4
1024,17,"
      Cien años de soledad
",,4.82
1025,10,"
      หนึ่งร้อยปีแห่งความโดดเดี่ยว
",Thai,4.7
1026,14,"
      Cem Anos de Solidão
",Portuguese,4.93
1027,11,"
      Hundert Jahre Einsamkeit
",German,3.55
1028,10,"
      Hundra år av ensamhet
",Swedish,3.6
1029,8,"
      Εκατό χρόνια μοναξιά
","Greek, Modern (1453-)",4.75
1030,16,"
      Hundert Jahre Einsamkeit
",German,3.88
1031,17,"
      Cien años de soledad
",Spanish,4.71
1032,19,"
      Cien años de soledad
",Spanish,4.21
1033,14,"
      Cent'anni di solitudine
",Italian,4.57
1034,15,"
      One Hundred Years of Solitude
",English,3.67
1035,9,"
      Cem Anos de Solidão
",Portuguese,3.89
1036,8,"
      مائة عام من العزلة
",Arabic,3.75
1037,5,"
      One Hundred Years of Solitude
",English,3.2
1038,17,"
      Cien años de soledad: Edición Conmemorativa
",English,4.29
1039,14,"
      Sto godina samoće
",Serbian,4.14
1040,17,"
      Un veac de singurătate
",Romanian,4.47
1041,10,"
      Sto godina samoće
",Serbian,4.1
1042,12,"
      Yüz ilin tənhalığı
",Azerbaijani,3.42
1043,14,"
      Hundert Jahre Einsamkeit
",German,3.43
1044,12,"
      Hundert Jahre Einsamkeit
",German,3.75
1045,9,"
      Honderd jaar eenzaamheid
",Dutch,3.78
1046,14,"
      Sto godina samoće
",Croatian,4.14
1047,19,"
      One Hundred Years of Solitude  
",English,3.05
1048,6,"
      百年孤寂
",Chinese,4.67
1049,7,"
      100 års ensomhed
",,3.71
1050,13,"
      Cien años de soledad
",Spanish,4.15
1051,6,"
      Hundert Jahre Einsamkeit
",German,3.83
1052,16,"
      Cien Años de Soledad
",Spanish,4.63
1053,10,"
      Cem Anos de Solidão
",Portuguese,4.3
1054,10,"
      Cien años de soledad
",Spanish,4.2
1055,8,"
      Njeqind vjet vetmi
",Albanian,4.0
1056,9,"
      Sadan vuoden yksinäisyys
",Finnish,3.89
1057,7,"
      Cien Anos De Soledad
",English,5.0
1058,12,"
      Yüzyıllık Yalnızlık
",Turkish,4.33
1059,9,"
      Honderd jaar eenzaamheid
",Dutch,4.56
1060,6,"
      100 ilin tənhalığı
",Azerbaijani,4.33
1061,11,"
      Сто години самота
",Bulgarian,4.64
1062,13,"
      Sto Let Odinochestva (Podarochnoe Izdanie)
",Russian,4.15
1063,7,"
      One Hundred Years of Solitude  
",English,4.14
1064,10,"
      Cien años de soledad
",Spanish,4.0
1065,10,"
      Cien años de soledad
",Spanish,4.7
1066,9,"
      Cem Anos de Solidão
",Portuguese,4.33
1067,11,"
      მარტოობის ასი წელიწადი
",Georgian,4.09
1068,4,"
      Sumpah Tujuh Keturunan
",Malay,3.75
1069,7,"
      One Hundred Years of Solitude
",English,4.71
1070,8,"
      Cien años de soledad
",Spanish,4.63
1071,10,"
      One Hundred Years Of Solitude
",English,4.1
1072,9,"
      Sto godina samoće
",Croatian,4.22
1073,2,"
      Hundra år av ensamhet
",Swedish,3.5
1074,11,"
      Cent'anni di solitudine
",Italian,3.82
1075,14,"
      Yüzyıllık Yalnızlık
",Turkish,3.86
1076,11,"
      Sto godina samoće
",Serbian,4.55
1077,15,"
      Cien años de soledad
",Spanish,4.2
1078,8,"
      Cent ans de solitude
",French,4.75
1079,13,"
      One Hundred Years of Solitude
",English,3.08
1080,7,"
      Un veac de singurătate
",Romanian,4.0
1081,10,"
      One Hundred Years of Solitude
",English,3.7
1082,7,"
      Sto godina samoće
",Serbian,4.14
1083,7,"
      One Hundred Years of Solitude
",English,3.57
1084,3,"
      Honderd jaar eenzaamheid
",Dutch,4.0
1085,9,"
      Sada aastat üksildust
",Estonian,4.44
1086,8,"
      Cien años de soledad
",Spanish,4.88
1087,4,"
      নি:সঙ্গতার শতবর্ষ (Cien años de soledad)
",Bengali,4.5
1088,8,"
      Cien Años De Soledad
",Spanish,4.63
1089,6,"
      Cien Años de Soledad
",Spanish,4.0
1090,4,"
      Hundert Jahre Einsamkeit
",German,4.5
1091,11,"
      Cem anos de solidão
",Portuguese,4.82
1092,2,"
      Trăm Năm Cô Đơn
",Vietnamese,4.5
1093,12,"
      Cien años de soledad
",Spanish,4.33
1094,8,"
      One Hundred Years of Solitude
",English,4.0
1095,7,"
      百年の孤独 [Hyakunen No Kodoku]
",Japanese,4.14
1096,8,"
      One Hundred Years Of Solitude
",English,3.88
1097,7,"
      Cien años de soledad
",,3.57
1098,6,"
      Cien años de soledad
",Spanish,4.83
1099,6,"
      Sto lat samotności
",Polish,3.17
1100,6,"
      Hundre års ensomhet
",Norwegian,3.33
1101,9,"
      Cem Anos de Solidão
",Portuguese,4.78
1102,1,"
      ഏകാന്തതയുടെ നൂറ് വർഷങ്ങൾ
",Malayalam,5.0
1103,6,"
      One Hundred Years of Solitude
",English,4.5
1104,11,"
      Сто лет одиночества
",Russian,3.91
1105,7,"
      Сто години самота
",Bulgarian,4.14
1106,6,"
      Sto godina samoće
",Croatian,4.17
1107,8,"
      Sadan vuoden yksinäisyys
",Finnish,4.0
1108,7,"
      Cien años de soledad
",Spanish,4.14
1109,8,"
      Hundert Jahre Einsamkeit
",German,3.75
1110,8,"
      Сто лет одиночества
",Russian,4.25
1111,6,"
      Cien años de soledad
",Spanish,4.5
1112,6,"
      Cien Años de Soledad (Las Grandes Obras del Siglo Veinte )
",Spanish,4.5
1113,7,"
      Yüzyıllık Yalnızlık
",Turkish,4.43
1114,7,"
      One Hundred Years of Solitude
",English,2.86
1115,8,"
      Hundert Jahre Einsamkeit
",German,3.63
1116,9,"
      Сто лет одиночества
",Russian,3.67
1117,4,"
      Honderd jaar eenzaamheid
",Dutch,4.5
1118,6,"
      One Hundred Years of Solitude
",English,3.67
1119,3,"
      Trăm Năm Cô Đơn
",Vietnamese,5.0
1120,2,"
      নিঃসঙ্গতার একশ বছর
",Bengali,4.0
1121,10,"
      Cem Anos de Solidão
",Portuguese,4.7
1122,4,"
      One Hundred Years of Solitude
",English,3.75
1123,4,"
      百年孤独
",Chinese,3.5
1124,4,"
      Cem Anos de Solidão
",Portuguese,5.0
1125,5,"
      Sto rokov samoty
",Slovak,4.2
1126,3,"
      Cent jaroj da soleco (Mondliteraturo en Esperanto)
",Esperanto,3.67
1127,7,"
      Száz év magány
",Hungarian,4.86
1128,6,"
      Seratus Tahun Kesunyian
",Indonesian,4.33
1129,9,"
      Sada aastat üksildust
",Estonian,4.11
1130,4,"
      Cent'anni di solitudine
",Italian,4.75
1131,5,"
      Sto lat samotności
",Polish,5.0
1132,6,"
      One Hundred Years of Solitude
",English,4.33
1133,10,"
      Sto lat samotności
",Polish,4.5
1134,6,"
      Hundra år av ensamhet
",Swedish,3.83
1135,3,"
      Hundra år av ensamhet
",Swedish,3.67
1136,7,"
      Hundre års ensomhet
",Norwegian,3.86
1137,5,"
      Hundert Jahre Einsamkeit
",German,4.2
1138,4,"
      Sto lat samotności
",Polish,4.5
1139,8,"
      One hundred years of solitude
",English,3.63
1140,4,"
      Trăm Năm Cô Đơn
",Vietnamese,4.5
1141,3,"
      Cien Años de Soledad
",Spanish,5.0
1142,6,"
      One Hundred Years of Solitude
",English,4.0
1143,4,"
      Cien años de soledad
",,5.0
1144,6,"
      Сто лет одиночества
",Russian,3.83
1145,5,"
      Cien años de soledad
",Spanish,4.0
1146,8,"
      Cent'anni di solitudine
",Italian,4.38
1147,3,"
      Hundert Jahre Einsamkeit (Neuübersetzung)
",German,4.0
1148,6,"
      Cent ans de solitude
",French,4.5
1149,4,"
      One hundred years of solitude
",English,4.25
1150,6,"
      Hundrede års ensomhed
",Danish,4.17
1151,6,"
      Сто лет одиночества
",Russian,4.17
1152,9,"
      Сто лет одиночества
",Russian,4.33
1153,4,"
      صد سال تنهایی
",Persian,4.5
1154,5,"
      Cent'anni di solitudine
",Italian,4.0
1155,1,"
      Cien años de soledad
",Spanish,4.0
1156,4,"
      Trăm năm cô đơn
",Vietnamese,3.75
1157,7,"
      Сто лет одиночества
",Russian,4.0
1158,6,"
      Εκατό χρόνια μοναξιά
","Greek, Modern (1453-)",4.83
1159,4,"
      Cem Anos de Solidão
",Portuguese,4.5
1160,7,"
      One Hundred Years of Solitude
",,3.71
1161,5,"
      Cien años de soledad
",Spanish,4.6
1162,5,"
      Cent'anni di solitudine
",Italian,4.6
1163,7,"
      One Hundred Years of Solitude
",English,3.71
1164,6,"
      Cent ans de solitude
",French,4.83
1165,4,"
      מאה שנים של בדידות
",Hebrew,4.75
1166,3,"
      Száz év magány
",Hungarian,4.33
1167,5,"
      One Hundred Years of Solitude
",English,4.0
1168,1,"
      Cent'anni di solitudine
",Italian,3.0
1169,6,"
      مئة عام من العزلة
",Arabic,3.5
1170,3,"
      Seratus Tahun Kesunyian
",Indonesian,4.67
1171,2,"
      Yüz İlin Tənhalığı
",Azerbaijani,3.5
1172,5,"
      Honderd jaar eenzaamheid
",Dutch,4.4
1173,5,"
      One Hundred Years of Solitude
",English,3.8
1174,4,"
      Cien años de soledad
",Spanish,4.75
1175,2,"
      ondu nooru varshagala ekaantha
",Kannada,4.5
1176,3,"
      Cem anos de solidão
",Portuguese,4.33
1177,5,"
      Cent ans de solitude
",French,4.2
1178,4,"
      Hundert Jahre Einsamkeit
",German,3.5
1179,2,"
      Cem anos de solidão
",Portuguese,4.0
1180,4,"
      Cem Anos de Solidão
",Portuguese,4.0
1181,4,"
      One Hundred Years of Solitude
",English,3.25
1182,5,"
      Cem Anos de Solidão
",Portuguese,4.2
1183,6,"
      Cem anos de solidão
",Portuguese,4.0
1184,4,"
      Száz év magány
",Hungarian,4.5
1185,3,"
      Hundert Jahre Einsamkeit
",German,2.33
1186,0,"
      Cem anos de solidão
",,0.0
1187,2,"
      صد سال تنهایی
",Persian,4.0
1188,1,"
      One Hundred Years of Solitude
",English,5.0
1189,2,"
      مئة عام من العزلة
",,2.5
1190,3,"
      백년의 고독
",Korean,4.0
1191,2,"
      Sto lat samotności
",Polish,2.5
1192,2,"
      Honderd Jaar Eenzaamheid
",Dutch,4.0
1193,5,"
      Cien años de soledad
",Spanish,4.8
1194,2,"
      Сто лет одиночества
",Russian,4.5
1195,3,"
      One Hundred Years of Solitude
",English,4.33
1196,3,"
      Hundra år av ensamhet
",Swedish,4.0
1197,2,"
      One Hundred Years of Solitude
",English,5.0
1198,2,"
      Yüzyıllık Yalnızlık-Mini Kitap
",,5.0
1199,3,"
      One Hundred Years Of Solitude
",English,4.33
1200,3,"
      Sto godina samoće
",Serbian,4.67
1201,4,"
      Cent'anni di solitudine
",Italian,5.0
1202,4,"
      Hundre års ensomhet
",Norwegian,4.25
1203,3,"
      Cent ans de solitude
",French,4.67
1204,4,"
      Cent ans de solitude
",French,3.5
1205,2,"
      Cien Años de Soledad/ 100 Years of Solitude (Nueva Austral Series, Vol. 100)
",,5.0
1206,1,"
      One Hundred Years of Solitude
",,3.0
1207,1,"
      100 Years of Solitude
",,4.0
1208,0,"
      صد سال تنهایی
",Persian,0.0
1209,3,"
      নিঃসঙ্গতার একশ বছর
",Bengali,4.33
1210,2,"
      Hundre års ensomhet
",Norwegian,4.0
1211,4,"
      صد سال تنهایی
",Farsi,3.75
1212,2,"
      백년 동안의 고독
",Korean,4.0
1213,2,"
      Honderd jaar eenzaamheid
",Dutch,5.0
1214,0,"
      Hundred Years of Loneliness
",,0.0
1215,4,"
      Simts vientulības gadu
",Latvian,4.75
1216,2,"
      One Hundred Years of Solitude
",Spanish,4.5
1217,0,"
      Hundra år av ensamhet
",Swedish,0.0
1218,4,"
      Cien Años de Soledad
",Spanish,4.5
1219,4,"
      Cem Anos de Solidão
",Portuguese,5.0
1220,2,"
      صد سال تنهایی
",Persian,5.0
1221,3,"
      Sto roků samoty
",Czech,3.33
1222,2,"
      Honderd jaar eenzaamheid
",Dutch,4.0
1223,4,"
      Un veac de singurătate
",Romanian,3.75
1224,0,"
      Cien años de soledad
",,0.0
1225,4,"
      Sto rokov samoty
",Slovak,4.25
1226,3,"
      One Hundred Years of Solitude
",English,3.67
1227,2,"
      Сто години самотија
",Macedonian,4.5
1228,2,"
      One Hundred Years of Solitude
",English,5.0
1229,2,"
      One Hundred Years of Solitude
",English,3.5
1230,4,"
      Cent'anni di solitudine
",Italian,4.25
1231,2,"
      One Hundred Years of Solitude
",English,3.0
1232,3,"
      Hundert Jahre Einsamkeit
",German,4.33
1233,2,"
      Sto godina samoće
",Croatian,4.5
1234,2,"
      Hundre års ensomhet
",Norwegian,4.0
1235,3,"
      Hundert Jahre Einsamkeit
",German,4.33
1236,2,"
      নিঃসঙ্গতার একশ বছর
",Bengali,5.0
1237,3,"
      One Hundred Years of Solitude
",English,5.0
1238,2,"
      Cien años de soledad
",Spanish,4.5
1239,2,"
      Cien años de soledad
",Spanish,4.5
1240,0,"
      Cien años de soledad
",Spanish,0.0
1241,2,"
      Száz év magány
",Hungarian,4.0
1242,1,"
      Šimtas metų vienatvės
",Lithuanian,3.0
1243,2,"
      Cien años de soledad
",Spanish,5.0
1244,1,"
      صد سال تنهایی
",Persian,4.0
1245,3,"
      Сто лет одиночества
",Russian,5.0
1246,3,"
      Cent'anni di solitudine
",Italian,4.33
1247,3,"
      One Hundred Years of Solitude
",English,4.33
1248,1,"
      Cien años de soledad
",Spanish,4.0
1249,2,"
      Sto godina samoće
",Croatian,5.0
1250,2,"
      Cien años de soledad
",Spanish,5.0
1251,2,"
      Sada aastat üksildust
",Estonian,2.5
1252,1,"
      Sto lat samotności
",,4.0
1253,2,"
      One Hundred Years of Solitude
",English,3.0
1254,2,"
      Сто лет одиночества
",Russian,3.0
1255,2,"
      one hundred years of solitude
",English,3.5
1256,1,"
      Száz Év magány
",Hungarian,4.0
1257,3,"
      Sto roků samoty
",Czech,4.33
1258,1,"
      Hundert Jahre Einsamkeit
",German,2.0
1259,1,"
      Sto Let Odinochestva
",Russian,5.0
1260,1,"
      مئة عام من العزلة
",Arabic,4.0
1261,2,"
      One Hundred Years Of Solitude
",English,5.0
1262,2,"
      Hundert Jahre Einsamkeit (Neuübersetzung)
",German,2.5
1263,1,"
      Հարյուր տարվա մենություն
",Armenian,5.0
1264,2,"
      صد سال تنهایی
",Persian,2.5
1265,1,"
      صد سال تنهایی
",Persian,4.0
1266,2,"
      Cien años de soledad
",Spanish,4.5
1267,0,"
      Сто лет одиночества
",Russian,0.0
1268,0,"
      מאה שנים של בדידות
",Hebrew,0.0
1269,2,"
      One Hundred Years of Solitude
",,3.5
1270,0,"
      Cent'anni di solitudine
",Italian,0.0
1271,1,"
      Hundrede års ensomhed
",Danish,2.0
1272,0,"
      Cem anos de solidão
",Portuguese,0.0
1273,2,"
      Cien años de soledad
",Spanish,5.0
1274,1,"
      صد سال تنهایی
",Persian,4.0
1275,2,"
      Сто лет одиночества
",Russian,4.5
1276,0,"
      Száz ​év magány
",Hungarian,0.0
1277,1,"
      Száz év magány
",Hungarian,4.0
1278,1,"
      100 Anos de Soledad
",Spanish,5.0
1279,2,"
      Cien años de soledad
",,4.5
1280,1,"
      Šimtas metų vienatvės
",Lithuanian,5.0
1281,2,"
      Sto godina samoće
",Serbian,4.5
1282,1,"
      Cent ans de solitude
",French,3.0
1283,2,"
      Hundert Jahre Einsamkeit
",German,3.0
1284,0,"
      Cent ans de solitude
",French,0.0
1285,1,"
      One Hundred Years of Solitude (Folio Society)
",English,4.0
1286,1,"
      Сто лет одиночества
",Russian,5.0
1287,1,"
      Sada aastat üksildust
",Estonian,5.0
1288,1,"
      Cien años de soledad
",Spanish,5.0
1289,2,"
      Сто лет одиночества
",Russian,3.5
1290,2,"
      One Hundred Years of Solitude
",,5.0
1291,0,"
      One Hundred Years of Solitude
",English,0.0
1292,0,"
      Hyakunen No Kodoku
",Japanese,0.0
1293,1,"
      Cien años de soledad
",Spanish,5.0
1294,1,"
      One Hundred Years of Solitude
",English,4.0
1295,0,"
      Cem Anos de Solidão
",Portuguese,0.0
1296,0,"
      Šimtas metų vienatvės
",Spanish,0.0
1297,1,"
      Sto rokov samoty
",Slovak,3.0
1298,0,"
      Cem Anos de Solidão
",Portuguese,0.0
1299,0,"
      Sto godina samoće
",Serbian,0.0
1300,0,"
      One Hundred Years of Solitude
",,0.0
1301,1,"
      One Hundred Years of Solitude
",,3.0
1302,1,"
      Sto let samote
",Slovenian,5.0
1303,0,"
      Hundert Jahre Einsamkeit
",German,0.0
1304,0,"
      Cien años de soledad
",Spanish,0.0
1305,0,"
      Cien años de soledad
",Spanish,0.0
1306,0,"
      백년 동안의 고독 One Hundred Years of Solitude
",Korean,0.0
1307,0,"
      Cem Anos de Solidão
",Portuguese,0.0
1308,0,"
      Հարյուր Տարվա Մենություն
",Armenian,0.0
1309,1,"
      صد سال تنهایی
",Persian,5.0
1310,0,"
      One Hundred Years of Solitude
",Persian,0.0
1311,0,"
      Cien años de soledad
",Spanish,0.0
1312,0,"
      So Varsh Ekaltanan
",Gujarati,0.0
1313,1,"
      მარტოობის ასი წელიწადი
",Georgian,4.0
1314,0,"
      Зуун жилийн ганцаардал
",Mongolian,0.0
1315,1,"
      Зуун жилийн ганцаардал
",Mongolian,4.0
1316,1,"
      Sto godina samoće
",,5.0
1317,1,"
      Sto roků samoty
",Czech,5.0
1318,1,"
      Száz év magány
",Hungarian,3.0
1319,1,"
      Yüzyıllık Yalnızlık
",Turkish,5.0
1320,1,"
      Cien años de soledad
",Spanish,4.0
1321,0,"
      مائة عام من العزلة
",Arabic,0.0
1322,0,"
      ನೂರು ವರ್ಷದ ಏಕಾಂತ
",Kannada,0.0
1323,0,"
      Hundert Jahre Einsamkeit
",German,0.0
1324,0,"
      Зуун жилийн ганцаардал
",Mongolian,0.0
1325,0,"
      Simt vientulības gadu
",Latvian,0.0
1326,0,"
      Cem Anos de Solidão
",Portuguese,0.0
1327,0,"
      Yüzyıllık Yalnızlık
",Turkish,0.0
1328,0,"
      Cien años de soledad
",Spanish,0.0
1329,0,"
      Cem Anos de Solidão
",Portuguese,0.0
1330,0,"
      Cien años de soledad
",,0.0
1331,1,"
      Sto rokov samoty
",Slovak,5.0
1332,1,"
      Cien años de soledad
",Spanish,4.0
1333,1,"
      مائة عام من العزلة
",Arabic,4.0
1334,0,"
      Trăm Năm Cô Đơn
",Vietnamese,0.0
1335,0,"
      Sto Let Odinocestva
",,0.0
1336,0,"
      Cent jaroj da soleco
",Esperanto,0.0
1337,2,"
      Εκατό χρόνια μοναξιά
","Greek, Modern (1453-)",4.0
1338,0,"
      Sto rokov samoty
",Slovak,0.0
1339,0,"
      One Hundred Years of Solitude (Folio Society)
",English,0.0
1340,1,"
      Seratus Tahun Kesunyian
",Indonesian,4.0
1341,1,"
      Cien años de soledad
",Spanish,5.0
1342,0,"
      Sumpah Tujuh Keturunan
",Malay,0.0
1343,0,"
      Sto godina samoće
",,0.0
1344,0,"
      Cien años de Soledad
",Spanish,0.0
1345,0,"
      One Hundred Years of Solitude
",Serbian,0.0
1346,0,"
      Cien años de soledad
",Spanish,0.0
1347,0,"
      100 års ensomhed
",,0.0
1348,0,"
      One Hundred Years of Solitude
",Italian,0.0
1349,0,"
      Hundre års ensomhet
",Norwegian,0.0
1350,0,"
      Cien años de soledad
",Spanish,0.0
1351,0,"
      Cien años de soledad
",Spanish,0.0
1352,0,"
      One Hundred Years of Solitude
",,0.0
1353,0,"
      Sto godina samoće
",Serbian,0.0
1354,0,"
      Cem anos de solidão
",Portuguese,0.0
1355,0,"
      Sto godina samoce
",Serbian,0.0
1356,0,"
      Cent'anni di solitudine
",Italian,0.0
1357,0,"
      One Hundred Years of Solitude
",,0.0
1358,0,"
      One Hundred Years of Solitude
",,0.0
1359,0,"
      Sto godina samoće
",Serbian,0.0
1360,0,"
      One Hundred Years of Solitude
",English,0.0
1361,0,"
      Cent jaroj da soleco
",Esperanto,0.0
1362,0,"
      Yüz ilin tənhalığı
",Azerbaijani,0.0
1363,0,"
      One Hundred Years of Solitude
",Arabic,0.0
1364,0,"
      Sadan vuoden yksinäisyys
",Finnish,0.0
1365,0,"
      Сто лет одиночества
",Russian,0.0
